Name,Description,Latitude,Longitude,InfoURL,ImageURL
UCSB,"A great 
university located along the California coast!",34.416929,-119.845991,"https://en.wikipedia.org/wiki/University_of_California,
_Santa_Barbara",https://www.history.ucsb.edu/wp-content/uploads/LagoonFall20141.jpg
Wuhan,"My 
hometown",30.583332,114.283333,https://en.wikipedia.org/wiki/Wuhan,https://upload.wikimedia.org/wikipedia/commons/thumb/6/6b/WuhanSkyline.jpg/556px-WuhanSkyline.jpg
Shanghai,"my favorite
city in China",31.224361,121.46917,https://en.wikipedia.org/wiki/Shanghai,"data:image/jpeg;base64,/9j/4AAQSkZJRgABAQAAAQABAAD/2wCEAAkGBxAQEhEREBAVFRUVFRgYFhUVGBAYFxcYGBkaFhgYGBgYHSogHR4lGxgVITEhJSorLi4vFx8zODMtNygtLisBCgoKDg0OGxAQGDclICUtLy0tLy03NS0vLSstKy0tKy0tLS0tLS0tLS0tLS0tLS0tLS0tLS0tLS0tLS0tLS0tLf/AABEIAJ8BPgMBIgACEQEDEQH/xAAbAAABBQEBAAAAAAAAAAAAAAAAAQIEBQYDB//EAEEQAAEDAgQCBgcGAwgDAQAAAAEAAhEDIQQSMUEFUQYTImFxkSMyQoGhwfAzUnKx0fEkkrIUFVNic4LC4UNj0qL/xAAZAQEAAwEBAAAAAAAAAAAAAAAAAQIDBAX/xAAoEQACAwABAgcAAQUAAAAAAAAAAQIDESESMQQTIjJBUWFxI4HB0fD/2gAMAwEAAhEDEQA/ANihCF65xghCEAJEqEAiEqEAiEqQlACEqFJAiEIQAkSoQCISoQCIQhACRKhAIhKhAIhKkQCISoQCISoQCISpEAJEqFAEQlQpAiEqEAiEqEIOqEIUFgSJUKAIhCFIBCEIATK3qu8D+Seo/ESRSqkEghjiCNiASofYldyQhCFJAIQhACRKhAIhKhAIhCEAIQhACRKhAIhKhAIhCEAIQhCASJUISIhKhAIhKhAIhKhAIhKhCB6EIVSwJEIQAhCEAIQhAChcacRQrEa5D+imqo6U4gsoGBZzgwmJDQdSbjlGupCiT4ZMVrRasNh4BOUThNc1KNN7hBLb7TFpFzYxI8VLUpkNYwQhCkAhCFABCEIAQhCkgEIQgEQlSISCEIQAmvqNGrgPEgJyyPSbEZcUwBsnq2/1OKhsGuBQq7gryWunuP5/orFQnq0lrHgIQhWKghCEAIQhCQQhKhAiEqEAISIVSwqEiEAqRCEAISIQCqp6Un+GqeLP62q1WZ4/xgvLsPSZmggOdfVpBgQDuFSx5FmlUHKSSRe8KPoaMf4bP6QpSouA8Wz5aFRmR7WwNe0GjvAvCvJVovUVsg4yxoVCRCkoKhIhAKhIlQAhCEAqRCEAIQhCQQkQgFWN6TYRlTFtDwSOrbpPNy2SoOKYYuxTXAWFNv8AUf1VZvETFck3g+Gp0pZTzAQDDpsZPPxVkuVNsGe79F0Van6S1i9QqEiVaaUBCEJoBKkSpoBCEIASoQmgYiU2UkoB0olNlEqAOlEpsolAOlEpsolALK834pTqYevVzioG5yQ4FzQQ4kgyF6NKzfTFjHNyvIDXNAJIJA7Q1AWV/t02obUuHhX9G6b6lem/tljZdmJJFwYEkbzzW3lUvRcjqbGRaP5QriVNK9CIuk3PljpRKbKJWpkOlEpsolQB0olNlEoB8oTZRKAchNlEoBy54iuym0ue4NaNSbDknSq7pBh3VaD2NEklsDwcD8k0kZV6R4Rv/mnwDz8oU/B4ptVjajD2XaTbQx8lmMTjcAKTjTpMz5DHYJgkc3Db5K26Kn+EofhP9RQguFn+IFxxrGh0Dqv+R2V9Kz2KqAcQpyY7AG24e75KlntZeHcumF4qlpdIy/G2ykKP1gNYwZtzBUhRV7SbPcKhIhXKCpUiE0CpU1KmgVKmpU0YKlSITQR5RK5yiVJA+USmSiUA+USucolAdJRK5yiUB0lZvpgWZPSA5MozRBMZuRtyWglZ/pXUDW5i3OA0S2SJGbmsr/YzWn3k3owR1IiYtExPqjkreVTdG3eiBiJi0zFhaVbSpq9iIt97HyiUyUStDMfKJTJRKgkfKJTJRKA6SuWKxTaYzPJgkCwJudLBOlNdUc0sc3VrpnSLESLG91Wcsi2TFa8EZjGGPWbOhc1zQfAuF11qVQ0FzjAGpSYvitUAZ2uqE6NfUNhv7NlDc7PSd2cuaezYgSdNPkueHiG902lUlmE3DPNQZmgxMCxvp5ajVVPGKtUl1MSwgMLdJcXvyN2sAQZ8RyvquCUvQsvOus/ePMqBx/DgODty1g/lqhyxfiJN4aqlI8+6RcKfh57JLXtBbF9YlttSJWo6KH+EofhP9RUDp+0mjh7/AOJ8XNP14Kd0YEYWiOTT/UV2Vzcops5ZwUZPC3lZfFkf3iwkCxYL94Lf+S0srEcWxDhjXOA9V7Dct9jKf+JUz9rEe6Nf1TRiCQ0Ds7Rv+ymyq1tV3XkOZlMHcHTwVhKrV7S0/cOlEpspJWhQfKJTZRKgkfKWUyUSmgfKWUyUspowfKJTZSqNGEGUSmpJWhQfKJTJSSgOkpJUOhimuqVGhwMAW85/MKTKaB8olMlEoB+ZUfSZ7mtzNAJABAdcHtaEKwrYxrXsp6ucW2GoDntZmPdJUDpE2pmc2iTnDWlhAkyXHbwBXPfJdOG1CfUmSej5PVCY2000GisKlZrQS4gACT9e4+Sq+DVoDaTj6QtzQdbQCfP8ik4njMrnUuz22ta6QwmCTMZgYMHWNCVauSVaE47Y0Lw7pHQr1XUmm49Qmwfa8eHLcXUvHcUpUYDzcxYXN7X5KidSoEdlpYWEZX9oXixkNG7QfNQxgg5zg92bQh4mZkTI8QNeaovEJ8fJZ0SXPwbWVS8exlVjqbabiM0zAb4akHmPirSnUDgCN7+d1U8cdD2O5Ncbd1/ktZNdOmK1MlcGq1D1raji4tfEmOU7eMe5WWZQ6B9JW/E3n9wLu58Cb+7VIP0omXc65k2o8DWI7/3VE3j+Zz3MYDTpyHuLnB3fDQ0zpzVs2mzENALSWm4BzNPceazssi4tJl4xaa1D8TjGgSHMg6gkXt3GY9/NcXV2tolzjYAGfLklfwamAAxouRNyToff+6jnDtbSeyCQSDl1vI594lcNTj1P+GdMtxfyanD8UoUmimXullicjyJHIgKNxXGU62Q03TGYGQ4btO47laYum3I93VAkNJu2mbgTuqBuOp1A1oohjgZLmCnBtFw0yCs19l/w48ewtKpSoitZuc3uTo3YePwTeHYXqabKbZLROR2uYSTrzvdO465po0gA77cSSHD2W6T8lz6MYt4xpoh56s0s2WxAcJGYcjt325BbVzlFan/YwtXqJZMGDY6weR/YrFYgU31sR1lWnSAeTncyo50G2VuWZ98aar0Tj/2rb+wNfErynFMaM9R5zBziYBy84vB5g+AXV5m19TMcx8Gy6PYjrqJq1a3bzODXZBcCNQ02+KsMHiW1ASyo2oAYzND2jQWhwBm6pei8HCamMzoJkbDkVTcOrPEMpOyw57/Z1JDYuR5Ss67ck0WcdSN1K6YUZqgadIVHw/i+Z2WuAwX7bQ9wJG2UA+cxZQujFGpXr4giu6BWIBDn6QCICeIt9HDw1qryfPJ6NU4ZSyTlIPi75rONrsLnNDgS0wROm11bngbmta9tZwLSTAcQDZwgwNLz4gLBYM9RiqsGS+pfuzFwOvcSsPDXSbevS98VnCNVKWVylLK9E5DrKWVzzIzKCcOspZXIOTsyDCHKQlc5RmVtKDpTqbA4hp0cQDGsGy5ykwVQVKwpGRAzyI9lzDHvlROWRbEY60h3GuFYegym+lVLntq02wXUzZ7gwyGgHQrhjKuUNtMvaPn8lo+KuH9nr2H2T9h9wrDYat6HD9bUBJ6oiYaYy95v4rjpt2LTOmdeSTRdVcTDw0gCRsd/JWmFwTXAFxJnlb91kuNvBdIJ7IkG0bRPw81f0+NU6YBzSWCS0AmYvFlSy2xVrPssq4Ob0xmNx5DnPebzlkSDAdmAlpG41Ckmo/EO9O2pyuxrRAJN9O9QMaGmSW3Jk3bvOmirsPhCagBp5sxEEl15kiTm7j5K7m2Vq6E/VyaJ1T+zvZUp5gWWa6BYGxAINgQSI70tfFGvWNbJGaOZgAZfkqypQoU6JfkPWOIDILoEakkmPdulwuJDWAvdAg6728FV68Zs5RXbhFjgqbi+8aXBLZiTsb/FTOoc17paQJdFjGu1+UclU4HFU3kgOmQOewPPx5K1qwKrzH1Hh81njUuRqceBnBa7y6mDUcQW3By/d8J2R0nqRF/YNr6nTRVHDscKWR8GwPmRA+JUnEEdc6qBqQbxqGid+YK6FNKGHPKOyL/A1czqxiO034MC5dIMU+lh6lSmYcMsGAdXAbg80uFq+lcPvAfAfpKrOk2NDqdWi0iRkLiSIEukCNTp8QtK5/0ysoZPDnwjEsY2vTLajjUbTOVmSZcHGo45mnfLYc1b0eI06TGtNZsgQdC7wIboRppssxw14Y9pEXpXub6fULtVaS5xAPru0YNydz+a5a1jf6dNnZG6disK9rWOrFri1p9V24kbciouKZRFM9XXDzaRoYm58P1UAkkts4+jp+ywj1AN/FR8Q2p2wyGucAASxrR6wJuJ2Bsq4luDdPQsYfR1PwO/JY3AZRUbAG+n4SrbG0MYRUy1mwWugEDSNPVKxpfWwjhWrPYWtOUjM6ZcIHs96wr51aaT4aNPx6qDSoD/ANuu3qt/RROjTh/eG32LucrJniTOsLOtAMAkQ6ZieUaA37lfdF3n+3DK+T1BuRPftHNbSXTE55+pmr6Svh4PKnPxK8tZjMwdlc6GxlLe8bTcSY3HvXo3SR7gXFzgYonQEfe7yvOsxa0zPbcTfKAQ2RYRO53WsXtK/wC+Suf1ML5od1ApubVJjNmdWLCTE2bOu3f3qVgMM2tRpDqGCGloIJ6zWQXEOEm7fWabLN4JzQ6lBE5m6ZRvNiYhaDhhmmwRsNZ3AXF5XS+/Pf5/2ej1qSzODh0XrNqVTaeyR2u4gbjuPkrLoafT4r/WP5BY/o9j+orucA2Ta/IkHY+C0fRbFzi6sRHWOBAnURc2idFv4niJy0cyPU6rvRnwXkjCRiH6fbEwD/7HG5v493dovUcTW9E4b5f1XldGtmrE29e38x748oWHhZcsvcuxpW4tsNLiGlwkAkSuwesd1k1Ke2RkCIAvYjv9Z3wV3geISXCo4DkTlaDrYXvA+hovVhZrxnHKGLS4DkZlwzJcy1KHcOS5lwzJcygEaUmZcnPhQuGVczXO+9Uf8HFo+DVOjCxzKNgK+XGH/SP/ABTcTWgCDf8Ab5SqOvxZrK4qmC00yLGTmtI1+W4VZZKMo/n+Sc6WmdeKdJcRnrMzg0yC2xaQAWkQSBrY99lErPmnhbizG3tcQFU4nEGq6GgEGTlbr2tifET7ynY/FNHVUiHNexglrgZ0GgPgsJQSzEXhNvdLHiuIc3MW5ogTE/dBP5BdGcIbvTcT3vOwceXcfh7omHr1G5izEUIk2NSoImLODW848u5XlPGtfOVzXRrGR0Wd3/U96rKbzEWhBa3LkWlgGkZS0RIABc47SLZtbmydQY0ZcjGQWucD2vYsPa710bWgjSMw5aZfzUbBY9ri3K5lmOsw0yQZOgB7ljybcLsd3NacrHUqZbkDvVkC8QJPiqFuBZVOc1WMmYZ2YZc2PKx+Cua+LAIzAGKU2yz6w0vMfBV2Gw9EOkVKjDrPogBe2j52HkrKTj8aVlHqznC2fwnDU2NIr0gdBJaCbA77/oojK2ZxIIOgkReBzA+aif3c0kuOKqPieyG0dCIm9TvXfD4djbMd39rqQdL6O0/RHZqx/BEa2m39lBUrQwjwt71cUnk35xv3nuVHxDqRlDKrXgi4zCQZ0MTGysaFcQBmmAJAIJHiNVZ40VXuL0YnLUa5xjtxueY5LJipJxAG+n807q6xOKZlZUJlmdpJBBtnn8lR5mDr/WknsEaRmMzaTYKYSyLE47JE+i/tN1+yjT681Iq1W5tGzmOvWHc7ALP4fiTBfNNiIBv3fJXgqudDhng39doHauEgkTOWmgrVWhzfU+zZ/izGQchChcSxzqYL6ZbmEadYbTydZPxmMDHCXPtTbYVGjRg25qpxHEG4luRgcS5waBUfTgkna+u3mkWk9a1BptYnhJd0yx0GaogyLsp8rjTkuTuJOxIaytlIJJiGxLdFEdgKkVJawZbEGph+yRqD2tbhMxFJ7suV4bYwCBLjtl38lt5tb7VpfpTypLl2b+Fjg8JTcMxY0u7N8rJ1y6xyJHvV1wriNFnpAWtcBlDhTvBMRm9yo+HYatSk1KgIOgLctwZmY5WVZiKpY4tcCTa7SxrYJkQAPqFz2V9fBrCajyzZca4wRTNVxY9rhl0LJExAOeVn2UKbQ77WXc2tI5zaFxr8UrF4wPY6p0iSxrnDWDmNzGULhiWElwpVmS2RGeHAgwZlRXWoLJFLJuT2A5pdTc1xAsRrN45yFqcAIp07atad9wFh6jnywOqBwm0PpuEi2xtrqt/hK1J9Gk6m6zKVNrwYPaa1odEEjUuWXiGo8o6fDbLuYLCOa55aZs4mAYi41MGf+1ouitb+NdAgZnczt49w8l16K/wz6/XkBpdlbcWuXDuuHC3cVGwFTq8XUcWvJD6hAt6pnKQI0M89j3Louri6VNPvpz1SlG1xa7HpuIxgLXR9z8iQvNsDXzPJAcAHgXjKYcRIjbx5q7wz8QWv7DwMkCQ65c6bCJOpPcAqDBMyudD3OggkFsQSSXDW9yRoNN9VxeHh0vk6L5qTWBTd6Qfh201U/FYNzhAAJBt/u+t1WNd6Qfh3lXFN5zTG7DNhtErr0ywssDiTUpteREzAmbDSVBxnFrvpssWXJ3AFyQIPh8oUdvEeqw7g1wzBhIGpnKDp4rMdc8ipUIPaEZiDBMiROh8F0qTaMHHGafhnHS9rJFpykk9ou5aDm2/irfB41tUZmHeD3HksHhHWpf63d/l5K16PcRp0WvzyMzzECdA2fzClNkYScRxEmnUYaBLyRDiYaQHWgXMxfbwtfP4bC4pn2T6ojYkBpMTIl3MxotQXjafIfqmdcFPkL5ZV28Lgy+Jw2IJLqzqpuYOem3XxcRcIqYJ1VrQ1tUMH+dj/ACggbrSVKjHWczNfcNN/en0aNLXqG/y01DpXwQrDHVOjziTAqZY9prZ//LvBc8bwrEEAAVHlvtODjyEDUiwW8qYalH2LR/tZ8lGdhmf4bfIKqqLOS+jDHhTsozuyvucpY6YHyUjhGFqUnio28WLQ2oZB1BNu661n9iom/Vt9wj8l1pUKTJIY0E7iZ81DoCmjN8YFTEEEB9PKCIDahBJ32vFlWnhmW7WPJ/DVEd4Ab81tKh+rrgXfV1DpwspJmRw3D6jXh7jUiTZnXNMHbNFlyq8MrPcXFzz3llYmAN7eHkttTqt+pTw4WgK8fDKS9xDf4YrDcHdPbfUa0+tlp1u1oQNOY70lThtVpcKb6jmlsEltdpIGjSIMiwW3cmx4qro/R1JfBhxwmodnj/Y//wCQgdH3amqQeXVVz8vDdblsd/mUpA+pTyP0jrX0Y5nDy1j2kVHSABLHhoMjtc9A7b2lwdgKoJyg3GhD47jOWy3bSPqU18HT5qH4ZPuyfM/DCDg99H947Xl6oSu4Q837e1g10WtfsrcMHd9eal0Wg+yfMfqqOn9Lamef1+FVXACHDS+R8nxt4JBwJ+wqG9zlcJvt2eW69LgWkETp9SmdY0GIPu/dU8vCcR5u/gdXlUtzZUI93ZCa7g9UAA5raHJUtO2ncvURXEWp1D76f/0o9Q5p9G4eJb8iq9LLdKPP6L8a3K1uJqQIAbFWAAZtY/BMfwmq7rCKlWXuzE9XVIJkmfVmbuv3rbvYOX5LvhWf5fjHyWnS87mbz6PORwbETPpJGhNKt8Ep4HWN8xk6yzET7+xqvSMQxw9kD/cT8lGYOY+KvGnV3IUuexiKfAX5QM1XNvlZWi+0Fl/P9E6n0crU+1TfUkaehqg+doXoFKOXxK6ueIsweZ/RVlWaYjzjB8NxTKkuFUAm5GZvvdqee0rV8C6P4VmcvxNGoTAIq5XEHUi5F7g3Uyo7/L8V2wbnTZt/xf8ASTp9PctWteErGcPZkpsoCm4Ey4Um4fQm05qjbane8HYLvguE0HuZ17YyjV3VACDOUBlQ3Ii4tedZCV1V0QabZ8VV4l7p9UeaxhU2+5rNdKKrpXTrVMZVeM+UBrKYYabBAbGbV2pk3vcDZUlLAY2DNSoC0AMyvp7H2u0NB3HbYLTufzCA4cl2R8OkjjlYZ/CcKxBeDUfa8maZOlrTzhX1Drm06tD0fVvAh3/kEGRIIIg6ETsLpwqdyOs+v2V3REqrWTKrqbqDKPVtBY1sVG5cxc2JJ7MXjaJWYPA60D04EE+yN4nfuCus/d+aM31dX6EU6mf/2Q=="
Beijing,"Capital of
 China",39.916668,116.38331,https://en.wikipedia.org/wiki/Beijing,"data:image/jpeg;base64,/9j/4AAQSkZJRgABAQAAAQABAAD/2wCEAAkGBxMTEhUTExIVFhUXGB0XGBcXGRoaGBgYGBcYFxcXGBcYHSggGBolGxUXITEhJSkrLi4wFx8zODMtNygtLisBCgoKDg0OGhAQGy0lHyUtLS0tLS0tLS0tLS0tLS0tLS0tLS0tLS0tLS4tLS0tLS0tLS0tLS0tLS0tLS0tLS0tMP/AABEIAJYBTwMBIgACEQEDEQH/xAAbAAABBQEBAAAAAAAAAAAAAAAEAQIDBQYAB//EAD0QAAIBAwIDBQUGBQIHAQAAAAECEQADIRIxBEFRBSJhcZEGEzKBoRRCUrHR8BUjYsHhkvEzQ1NygqKyFv/EABkBAAMBAQEAAAAAAAAAAAAAAAABAgMEBf/EAC8RAAIBAwMDAgUEAwEBAAAAAAABAgMREiExUQQTQRRhIjJxkfCBobHB0eHxQgX/2gAMAwEAAhEDEQA/AM6jVNbuUIt9alXibdejkeVgH23FEIwqvt8RbqX7Qo2YetJyKUSyVx1qVHFVA4sdfqKk+3DrUtmqRcofKpQRWdPaB6ipU7SqdS9C/wAUhiqYdqVzdq+XpRqFkXIXxp2k9aoh2hPM1MnHDkDS1Gki5FwjnT04g9apV4wmpkdjyj51LKSLtOINSreqhh+v1pVDdT6mpZVjQe9H7NO+1x0qiRG6n86JtWP6mqG0Uol3a4xeoohOIXqKp04JTuW+n6VJ7oDb6mahyLUS6VlOxFL7vwqmBI2Kj5CuJY/f/MVNysS1ZPKuGrw9apvdn8Z9SKU3GXmPmT/elcdi7W+R+xU9viZ6eorMtxZ/EvyilTjCPvD0pNsaSNV74Un2kdR61nV7R8VPr+tTJ2iei/WpcmVii69+vUVKvEJ4+lU6ce55L60Ta4hzuq/v51DkViWWsHaaUN4UOnE+I+lO+1r1HqP1pZjxCFapAfGgDx1vqPX9KenEodqWY8Qv7Qo3/Kl+1r0J+VDreTwp4vpyFLMMCX3/APT6xSi4egFQniB0PpTftngf38qlzHgFhvEV2r9waDfjwNzFJ/FV8T5A/wBhSzHgG/KlA8Krm7VPJT6frUbdqno3pSdRDwZ4GCKdpB5Vy2DUq8Mete1mjy+2xi2lqRbAqReEbxqReEbxozQ+0+BLdrxNSiwOppv2c+PrTl4T9zSzXI1TZItkfiFE27Cc3WhvsnlSiyPCpz9ylALVbX4xUn8nzoZMfh9Kcb4HIelTkViSm6nIN8hTftQ5I3oKVO0QPuj6U7+IDpFGT4DEQcQTtaPzxT1uXRsgHnn+9KvG9ad75TvH1qXP2HgcnEXzsE/fzqZTxP8ASP35UiOBsQPlUtu8Odyoc/YpQIzfvjcj0rhx97r9KNXiU5kHzFIb9vlA+VTn7Dw9wX7dxJ2aKZ73iDu4o5eLT9j/ADXfxBf2KM3wPBcgQu3vx/U1Ml66f+YfWpT2gvNB6Vy9pJ+FPSk5PgMVyQtbdt3+v+aevZQPOf350v8AE16fT/NP/iNs8z5D/ek5SKUYkidiACT/AHqO5wKDn9agu8d+HV9KGbjycZ/fypLJg8UGjhl6n1oyxwIP3yPnVL9quclim/bX6fnSabBNGkHBkbXPr/mmMbg++azp41+n5037c+2fzpYMrNGkQv8A9Q1Mkc3B9P1rKrxbUSvGuBtUuDGpo1Nu0PxfUUbZtr1HmT/msOO0bld9rduQrN0nyWpo3zaR95Pp+tMa4eR9BWIt3bg+6KOs8bxBwqegrOVNryWpJ+DRsx/GR50+1bJyCSfAVXcNa4kqZsCeWpo+n+RQbWeItmSyqT0yfl09aztfyX+hqbfDtzUjzFT27A5z6j9awXEdoX2+O4xI+cfpUNrj1X4izHzNPtMWaPRi6DE/KR+tSlDygfvyrAJ2/HwoB5lj/erDhPaa8Nran5H9ahwmilKJggR0qRYpi3BUi3BXq3OGxItSKD1pi3BUq3F6CpyHiOE9BXaBzQfvyp63F6U8XB+zSyKwIDw69CPIn+4qP7H0P5UZ7zw+tdrPQUKow7aA/sR/f+9KOENF948hXe6bwo7jDtkCcEOYH1/Spl4G3zB9f1FSLYudR608cLc/EPU/pSdT3GqfsRjs+3+Ij5il+wjk35frUg4J/wAS+p/Su+wv1U/M/pU9z3K7b4Ijw8bH6Gomtnwo0dnN0X1pw7LboP8AVR3UvIdmT8FYbZppBq2/g7HkP9f+KX+Bv1H+oUd+HIvTz4KgHwrpHQ1cfwB/xL6ipF9m2/6ij1ofUU+R+mqcFIW8abFaJfZfrdX0NPHsqP8ArD/T/mo9XSXkr0tTgzWnwrha8K1C+yq873/r/mpF9l7f/Vb0FS+spcj9JU4MsLXgf38qeOHHIkecVqf/AM1aH/Nb/wBRTl9nrfK6x9Kl9bT5KXRz4MwlkjmPT9KN4d9I2tnz1D9BV5/+ft/jb6U5ew0H3j/6/pWb6ym/JoulmijuXZ/5afKP1qj9rbCnhLvcj4T4f8Ra3H8OUff/APmqf214QDgbzCDhcjT/ANVOYqqfURcklyTUoSUW2Ufs3w6rwtkaTOiZ/wC4lv71aG8BjTPmaK9m71pOG4RGdVe5bUIp0y5AAIEjO49avvct0X0X+wpVOoSeo6fT3SsZPngDyya42GPQfI/rWpFpySFCGN40yJ2nGKC7L4574uaLZHu7htmdGSoB1DTyM0vUeV/I+xrZspUsXRlSP351Otzil2P0BoTs/t9mucYLwUW+HciVDSqi69uWgnV8I2A54q17OujiLYu2kuaSSJjmDBqpya+ZImME9mNXtjjlHxk/+Cmh+I7X4phDMfkgH1GasG4dxsr/AOk1GbV38LD/AMT+lQpx4RfblyyjDOOZzvjeoWsznNaE2r/4Sfl+opNF8b22/wBM/wBqvvfQjs/UzvuTUwuuOZq4dH5rHmIqNuEc7LPlTdVPcXZfgxYb6b+HPPrTmuQJJAHUmPzrIWuLPwknQT3onaYmJ3j/AGPN1zjGO/kJPKQRv0jr/au84bmvW8NgwPzFPW70IxvWSftJ5EFdhMqDkc5Ak/7b1C3GO07SRBAEAgTyAgwJ/MyaVisjapfnIIPLBnI5U5uLCxLAajAk7noPGsTcvEERj1jMg89oqXVAJHJoEgY2yDtMjpiiyBSZrn7TRZl1EEAicgnYEDapLvaAUSTjwz88cuc1gi2JPPxjpTUjYgRMeWc/OligzZ6CO00738xe78WZiDGf0qVePHJ1Pkw8uteeBQEznO20YMGZ/eafwqSYnljGTAON4309Tt0ik4oamz0X7bE94Y3yMYnPTFNXtdcRdTJgd5cn1rCBFUOdJEOcgnxhDPkcgedHdrcKLV50UNpAXSTJnuAkzHI6vSljErORsf4oIn3iQOepY9ZqT+I/1r6j6VgFuwe6CSZWQY5yYxk5/Ki+E4G7egraYiBBEkHJnIG/gaTjFblKcnsbI9sQ2mRIGo5EBRu2TsOvn0ov7awiSBO0mJ8p3rOcP7L3ham4y8OpMk3WCggTDeMT594Ype07nCJbZdbXLuAulCFGe8dTwTmRtHIdRheDdlqapzSvLQse0PaR7d23bVdQYwzEMNMPpaMQ0ZMj8Joy57QWlJBvrIMECTkbgRv8qwCBDJBE5YyskTHht1J2gdTMotTELErrjO3XMYA1Cdq37UeDPvT5NzxHbqI/evAEKSZB+9oYRjJIzAo+zxjsoZWJVgGBjcESN686sDUVnAwR4gAzGoRyIBjHywR2lw7i2pENbZQSVllEjIacK0EY8+VJ0o7Aq09zd2+0bpZ1z3AGxmQdXLke6ceVC3vaF9IZF95Ku0SFEW2Ctk85bp6V53buTBLHMK2dlG09Y3nOcwTuZf7RL6Ygd1UxiWhdRljzIGcbfMr08Q9TPk3a9vL7tbjsE1I1wKWGoqk6tI+9sdt/Wks+0lpojiFWYjU2nckR3ucisNqP3kOCg72oFZJOlVnckSPImiTYVQ2pdHdMyAdxpGYLCc8xtSdCHBS6ib8my4zt1UR298rFAZUOJLckxMNMCOU5pvDe0VpgCOIRSRJDMFI2x3o5tHnNYW3w4DiV0lQ2rkVAEgvPwrkb8jU9i2rYS4oaMAlYaY1AEkLy+dHYhYXqKjZrvaT2hucPZNxXDtrCRqkBiCx1adjpBx4ihOM9qL4vlLbgLpI72lgWQnWRBlR3lEtvpwM1l+P7KvIqm5acr8WJIJjqskZJM+I5GaX7G9hrZtM63iQWK6xp1qGRAVWGwDkE5kRAoVGnbRIUq9W+7Rfe0N08Zb4NLl1NZDu5VS4WFBDaFOqDB+vIV0heyGRXBBcRpO6/aVOoA5j5VQcHxrW7iXEMFTjGCSIOByIarLi+Cv3NV/3NxbB747hKhfx6wsQAScY5VWKi0vH9kZSk2/NrEHbvFh+H4NAc20cHfElSsHnirXje1+IJS3buOLaW7CmGIGo2VdvhifiAyTGk4rO3LupEBC90SSJnU4B0tmNxjn1ztI99S/8AxWRiVGFIA0qqDvawcDnH3T4Tr2VJbflzN1sHq/58B/Y/HfZeKBMlwDqcidWsSCRIMwwzNaHgO2jwls6ww94NalVhdWmdLlnJmYkgDyFZK7xLyLi3bhbTGs+81RPwli5geAJp3HdvX7yMjkEAhxk4ImI1Mf8AqH0rOdBSeppCu4r4S8W+Bb41LjIlxxJUFZOq8GaRqywnzjfEVYdm9tpY4T3QclmF2FWCy7mSFPdHekHoJjFecstw7zMTyJgAkHy50bxJDMzqqgYIEQFjAyvkPWiXTxas/qEK8o6o1vsr2nxNu6iNcb3Okr3j3Q+6gOfvTiJ8K0d/2mVWCm+kkkYaYI/Edl+cV5UxLaQYgY+ucTO0evhXamEKVAPMjeMc55VE+lhJ3aLh1U4KyPT7ftVbMkcTa3Iy6g4MSATJHjsanHtHtF5DOFgzqI3Cx8Z8BJyOteY/aVjSO6STkbwY+W4JOP1BSdrMDZLAM1l/eAkwCdSMF0gCF7nL8fKM5vpIeEaesqGu9pvaTiFW0bN/RNwqx04wgbSwYEjcbRvvR/Ce0ji1ba7etKzgnfSGgkSoczG3rWJ7T7bS7aXWg1++a86idDFlRYGZElCd8aqp7HEQuAFMzgmSCMA8ufSmulg46xt9iPVVFK6ZXWnB7ncUTlio8NzvEifnT7YQsssqgKSx5czt15aRzHjkMWh4zSG0PGus5izsPZIYM8SNxbSRHISw3gZGRyBk0z7RZEHvtClcgAZkAxOcFszzmMQa8JS6TSaGmFtxFvP8uTyOpgMZwOh8eVTJ2qBJFpSzEzq7wMgiYgZlm58xIO9AFY3NE8P2ddf4LbtAmQpiJiZjripdvI1k9hbl5J+FXG+zKBnYQQSP1ppvLj+WBAgfF0PektvJnpVvwPsvef7jnvaSqrnDFZVjg5GIBxqOIE3nC+xgBQ3IUiC4ZxcIBAJBRB3d474AwSSBWUq8I+TWNCcjFrfEqCiwDt3oYyT3oMneMRiKLPD3YDBBbgRP/DnGmSzkTMEb7zWr4vswWgWt3rS2wBqNwGQ23/IIUqdQwQSdRxBioH9sktKPc2rWvulnVCoLaRrIJhxJ9fkKnvOXyK5r6dQ+d2K/hPZPiXGpgQrZ1EqA0nMtcdQSDyknwowdjcLZzd4pZB2Rmc6gcyttQyHHWMb8xV8Z7QX70M7leerPfMRJ1EhjvtsZ2NDdovauXGcHROYlmzzgkE75ySfE1ShUl8zt9CXOlD5Vf6l/xHavA2bbDh7TM4wjPgqTMupEkEQo3HLxAq+I9ob7Jp9+VWANCSuoRB1R8Uf1EzVM9tDzJ+fp9MVE1ochVqjGPuZyryl7fQ0N3t6QxHD2gzKqh4YspTOtWLGGPzjlFVPE8RqCyWMAqJOAAZAUR3F7220zHOhRab8PzmP705bXjHgW/SqjCMdjOU5Pcl4cScxGfiMDY5J/fSieG4J3tu6QVtiW+Hu6oWdO853j7vhQJXGPzNcF6gY/fMVZI9kIwdzOB4GN9uUyKcoiCDB+WPnOai92OZz++p8vrT/dKNpny/U1SZIZc7OvhBcKsUM96Q2BzIUllUdSAKFtvz1fTNRNHjTrTyw3MzgQSYE7UXAlv3p3Yn5c9tvmRRV+3w+kslxp+7aKksoMYLgAGJ8KhbiWBZAABkQUt6gOedODQ6XmBmWHLfltGDik9xrRWHpeKbEiQD5g5+YqI3x1A8OkflVrY7Tsg2zctB43zvuN9ziDvVxwfbnCswF20wQEQCwCqDgywts8Dfc56UXFqZdb5kSSw2gtAjHPkP0pGvoSIASMHc/n+Vbrty32XecGzxCpAYEsWgkEABRKkCMgzBkxJEVTcHwPC3bqqt024xqJIUyWIEi5KrnoBjO5NF9B2dyhs8cVYMrQwIIjqP77etH3PaO+wZdaqHy+lEGokAFpCyDjcRR3a3YK24i8CF7rBXDEkPdYEDWdxED+r+qKC4fs1CVW4yWwLOss5xqLEhYByYKjH+2cowl8yuUpSWzK1b/iD55H1onhuGuP3ktO6jmoOw8ueKCZ18vkKmt8QVB0XWHKASJHiA0RWqt5Id/AVxnGXQSrm5GYF3vMFnHxjGw2jn1NRWuLIiQvT4VEDI3A37xz4LvpEP47tVrqILj3GK4GTpwAAYJ+KABPRRUAvWtP/DcyIktzkE6YG3L58tqTsUmyS7xh70CFJwDkqAZAkRMQNx6UyzxUQT+cHmMfPM+Ap9ntNVwLVuII7wLGPPGfGKM4Tt2wIW7wNpwAch7ltiSxIMq5EAED4ZxSAl4PjrBS6HtuWKkoVYEBjpnVIwMN/qA5TTblxQZK3MqDsCOetgRuAAIPgc4qu4ntFWd206FYzptzpG22rMfFuedS3PaC6yKjOWVRAUqsAEQQuJAIiRz8alopSCrz2gVPvMjLW9DCGgBlk48on4dhihuNviWmAZAziQclugyB56vOjF9p2JNxrSXXMS9xVmQQdWpSGJJMEkkkZ5CIP/1PEgHTdujooYwuZAXmBy32ApRy8hJ8DrfZ5LhQQcxPeKnHIgHWd8KCe6Ttmob6BVIaA0gaWMNGmZggQMjn8tqVO3nktrvq0breujMYJ72c5IETyitD2HevXEa6OJTvDS6PdYNIKlW0+81GIYeTTTlKyuwSvoYS4CACCTiTiIOZG+dhmow56GpkeTEUlpM6d+XgYnntnl1ouKxJbQ6CxMRECN8gHPKJFWPZfYN2+pYFFHiRqMgkQJzJEb7mrnsHswqmooTpIJEW5WTOWaPdsYnfV8MwMjW9j9hi4/vGtwFlQH1JIPeCyqyA0E6uQXBhc8lTqcdEdcOn0uzN+z/ssbhANpSIgs5mZMNChsTDQY6RsdWk4DglVgss4VtRCFdCbYNyNZbUOTHSd4nL+O7SF5hw9nStkAqwkqW7zqwhsFciQYLd45EzH2rea1btop0iGO+VAbI1IRqPwif0zx1akpbnZRppLYTjO11ta7cIpE9y2QttAAfjYxqOhhIJO5xmsX2l7V3Cot2/dqBsVQyO7AANwmImJAGwzTPaLiAVA3Y94hTAAPwjTuO7DZ/H4ZzV1jOwrq6ehFrJnN1FZr4YhHEcW9w992YgRkzgf2ofXkg05ZnnT2sdK7Ukjhbb1Gu4beZ89v2JprESIJ8Z/fSOnOmtuRE+P9/T8669byM7qOfPT5/P50xDwv8AV8vGMef+9PLdD+dDopnzpSvjTEShv6qVgep2pjJHpSKTtQMct801mJ3n1xS3R+/SutqOfSgQq2hU9wA7YYtOPhjpE4zNRlRG9cdt6AEOvz/fnS21yJUHwznlyM1Fr8altXYI5wQfSDTAW54DSJ2E48MyfWmnY5PhjcyN84ETnPKm3Lm9OQ8wsR1z/vSA5EBUy4BAwp1SxwMECBuTkj4fKVYzkFZwdvoBEfSPOk0HeB8qeLOTsYnbIMHl1mgDlsiB3u8x27oAG2STgyDiNoM0wx4zzG3M42Mct6d7sDz/ALYpzos428d9uo8aAIDbgE6cTAPLaY2yYqdVcBW7wGdJyASMEqfCeW1LauBQYAkggnORgxExgr05+j14gRlQTMg5wDGN4Ij86AEtcIzGNhMSY0gzHeYkBRvmoSI3PLlUl1wT3RFQMOu9ACl/GmhgKc1yMY9BPPn86aqSMKd/inbG2OWQeuKAFkdKWfCibfBoxRQDq+GAZLEknUB4AqI/p8adxfAKrFRr1AxoIEwq94kjnImI6mcZLhYEH0/f6V0iiF4RiJXUx54n60xOFuMGIT4BLbAjIXY5OWGB/Y0XCzGhulICeR3pbdk5BUjzEes1Nc4WPhIMjUIMxPKOtMAZgZgmuUjz+YH51LbTIDd0E5aCSBzMTn/Ap5TSTzHUr4wN8DGcE70rhYTgLHvHgFRgmSYHLHnnatRc7La1Y1kTLi2oAVWl1YglQA0YMahkjpWc4biVBnZoxqAYepz5dIq84TtBRdfiC3u2XS9uBrta1IUagB3RgRqAEkZxnCtCW62OijOPnc1vYXYZVrNp+HRbse8e5qBLC5OlGYBtIiduajxFajtQpbtG4FyLDQbpM6gmkBdwxLNqYcymcGKyvsz27dfjHLN7y49kFYAlh/MJzzH8wEDbJrTduI7ALNoJdhmMnNoC49vTqYKNQGmDmEM7CPKeTl8SO5uyWpS9l9nrKqFhQFGojIUrafSpM6Y1XDmANRjpVX2+4RWV3Ii4ZWSSoKKdJhe9q0ERsDjGaL7O4zQ5F5VIWFZyXweTliQqqUcDJGCvOYJ7Ws+8PvEZwwYoyk5uWw3w7qX3nfO/3xGbdprLY7bpx+A827Q4M+8uD7xYt4d4yY9Y+VVhteM/v/f0rU8bYtvptOzpdt6bYZhgsRhG0N8KhTDdOU1T8Twhss9q4ullInONjtJkzqBr1aVTSz3PJq00mVXu4z+96nVxUz25WVg45Hzj8qAKtidoj0x+ldCdzmasSMgPOk4m2ZH/AGr/APC1CCaKvGSD4AegA/tTJBGY9a7VU15fHl+lMYU7isd7yaT3hp6X3AgYmk89/nQIVFY7AnyBP5UotmNwPA+VPS8wwCRPQkSPGomc86Bi245gnyqYW1jMihh4TUywTHXG/OcYoAK4lbBgobmwGdIyBB2H1qG9cQtKiBAEY3CgT3QBkiaHCztTrVhm2Un/AG5nYfOhKwEuvJhiJ3g7g5g9RIprXI/f5U82G0k6TuACPh1GIUMMEkGd9s0PYtM2FBPOAJJjoBvTAc1w/vzpTc/e9WDdlkagCHCgd4HSJ2YQxBYBgyyMd2aP4b2dvgkG3oZlMA94ssEmFEkZAnaM+NTkisJGfZusipuFGo5IACkmZ5chAOScDxI23Ghs+zoDBbuh2A5Pvpk4GtSFhQMxgyPAzgeweFdA/vbdrGkrOpmIYNqwXCggASCwz1xUyqJFxoyYL2H7LrxSk2rqggMSpfJ0tBMe7UoNMvBBJBA3mrV/YS3baL3EW10kK8vpAYgkHUxHcAEkx4eUtuzwvDPrtNrbKkiyzcgCWLugZTAnEb4zmr9o+1DcduKeWZgqFHS2VUhSPhEqYkkGZEg71z5VJS0ehviorVK4nFey3Dqmr7bZLASVTW0d4LuurrzAzI5VTdp8EJX3Y7nu1kw2XAIdgBJjVOcbctqNPZwIAF+4JA+LvjMdNt6gfs18gXLBkA6WdFchsQFJBY45DPKTit4NeXcyqJ22S+hVJwBEEt8oB/MirLgrqW2DLpLpmTBknaUKsMb4kEjOKH4jhXUwbZAHQlufPMVCCoOQByOoTnyg1pozD4o6hDWFdhMlmOJJgknYARG+1EDimt6s3NWVYgtMCQQZmRy8pp3YD2VuA3YbBEKwQydollx4VccTY4a8FUW1tBZMrg5mJOmIgdeZqsBZmcbi2EouBqyofSDE5Okidvqa66l02zcxo1BZPe7xE5BkkQDnar89g8OQW1DSNySsDrJDb/vNAWr3BzpJvKggAhVuRO8IzrpGTz5nFVjbclyZUOHBiTPQCIMCfnvUbWXO6sfnjl122r0nsHs3slgSlw3jElG/lkRufdjSY8cjNXipwCEaeFtT1ZAxHzcT9aWgXPGPdOxACsx6ASfQUXw/YnFsccPe+alfq0V7I/b1sCAigdIx6ZoG728RtA8sflFPGQs4+WeSHtiBC8PYWOYST8y80n8bv8nC/wDYqr6QKracBWZqa3gr9yxb4Piy5Ml0OZOkOwY/IAR4xXp3Bdure4hZUe6KxCNn4A1vSxP9MKMSGM+HmvCcH7zgLAAuMxuOAmNLjXBCnkR4kfED40b7Hcagb7JelWB/ltcEBDOQwnBycgg5xmK8utDK74b+19/0PQpNWSflfuajtH2ccJ7/AFh3RmLloUSWDKkyBcBF05QxJIwSYk7P43UAYJY/fgEpnCnvd04YBtiBma0vB9nOyI7LbOjEg5IHvUY6EcDvgiIMSeYmsz2t2b7u6rjh3UEQbbIIa2EUFGYlgHOqYwDGDImuKUrq/wCbHXSdnYrPaPslbiFrLKLmoalJBFxk+WlWltgYOATkE5ZFF+6iXiLZuMwdgqIUIZsANpVFxlZUY61vbXFHiF/mFETkhP3bRKyRIGoSDtHeEig/aXse1xAnVF5f+YokEHvDUqLhApHeJESIkSKqh1ODwl9+P8lVqLmsl9uTGcT2K9vvot0qJUlhkAHcqMhc/FtkCaDsdnXLltj7q8TuDoYjJUchnA/Oju0rN7hyLNzugBe5qjUdJBa3AgjqY8PK44ntpXDKAL2fj90xltAhVRiIgznr1xXpKbSTWt/Jw9uL02t4Mle7PdTm0RAAJKkAMUEiTiZNDcRbIbSFJIAkb7iYx51quM4S6qaXDWyxkaEttd7sls+9HugO6QME9MGo+KuhrQVG4i4SAdTFQCCAqhpBgD3YbJXdjqyK2UzCUF4My/DvC9yMGdR0/wD0RTTwh53LQ/8ANWP/AKTR38MuKSWJWGMwtvBBY/EzjVzyJHnRNvs+9oVNDu+kOAjMT7pkHuzptgxyExud62yjyY4S4KTiQQY1AyBkDB7qkxgTmu4fhywc6gNCljJiYYLAx8R1DFXPA2RbuE3bbXFB0m3FwgQYbVqKGcbeGaN0KQTb4RxrBBIWF1SrdzLaYKkgTHKIwJlNIaptmXtRqAPXPMxPTrFH/wAGvHOgwT3TBiGjT3tvvDnv86trnH37YgJbVZJhgrTMjkASDvGwIxFQW+0bgVtVsuzGTqJ0TKEdwICYCLALEAiQOVCnfYfbtoyO17M3VM3VAQQGLYUAnPekZAM+Ap3Bdm2A0vetjvBhpuYCnKmSpnpp+PGRQ3H8Tde6NY0kj7zEgTMHvEwAORzPnFGJ2CjC2fer3l7xLAKra2EagDsuiZxLb8qUpW3YJLwhpscGo0l3bIBKAnr3gWZQQFxlZ72NqI7KucNZJf3DXHxpFxkNth3dSshU5nUJk4GIOROvZNlHkgtbMaXViBMAMsjfvH4sKOpkUvEsjsFs3LoYubQI0FGBMiGKoyjEwwJECs8r/wCy0orVhfGcS/EWSkWbMMuhNN43CFUgQTKBd/HaTgTZ9mtbVPeXOItpqaWtWLdq2V0nSNYI7y4VgNwQTjM4m/2wRNtrdttD7sEb4CAAGdSQvdEgQDmQZqvsOGYRC9MmBGQOkeER5U3RbXzC70U9EbntTtbhlZQrcSwKMZN50CvqODodmZTpAmYEDBmRSfbbbi2BZd7y516rt1gwKklENwjTgj4fymqRCNRn1gEHwwRjyqQo0AIASpnUoUHqJMA/PPyrRUkkQ6zZc8Y3EIskcZp3LXQdAkd4j3ogZG5z61X2e0woIFu3P4i7Fo0gRpQ6fHamcN23xCHSL91ORIeDttq3HzIqd1tOZ1Xi7b6tJJJO+pSWY740561apojusH/ih1BmS2/UMr5G+SGVjkdRU/b9+26tcshltlxCuwZhg4BAEqNhiY3oZ+F72lZYzABAU/PURHzoa9buPNtULRmF7x2JOBM4BOOlNwsJVL6XGp2rcA+KY5EfpTm7SJdWZRiNvA8poBljcVwXMDfalZBky4/iatEkr5j9KG4niizlp1Yn6Gg7tphuI86RN9uR/KhJIbk3uGW+PHNfOAp5RzHn60R9rtnUVAVjnAZQIjChcYAO81UEEbiKfaOfkf8A5NFhZPYugTdgl9Sye6TqIwCBLA86S/YYAADUY72MgzsO80iOcL5UHw3HBRBXnyohe0F6/wBvzpXkWsGtTktlQr5ByRpIDKQYnGR5gf3q34P2gYL/ADY8HMgNmII0xODnAx60KXzrJBESOnhn6Uba4uCGiCIIYco2OM75qlKSIdOMi9HbVsjcx4FW+YVTq+lQcT2yAO4NR6MdA8+8JPyqnb3bLBA9P+3psMfWh7dxZGk7DmxE+J6evKrVVmToJFZTlplOBrM1PUPYzgy/AAkpo3/mEhVcX2wNMt3liYEYWIJNP9pOAUWV93cD3FXBCPqJdyWAJKxjBLAk+FZ7st7r8Jw9m1E6naNWS2toGhvvZEEDn1FXnF8fcuWRYvKmBoO/3eujE15FZ1Izvf8A9fselSgpQ14JvZntv7QEswGuCdVvWNN9QuFMzoaQNozHLA1q8SLdzibfEI16+qgSW7r+9eFSAuIUKJzyryW5xXuIS0Yk6n0q24+EgOxnG+NvCa2Xsx2vY4sXLt2463wgaJYnWikKyksR4xpmTknGoq0VFZR2/Pz8QRm5aS3LHieDexeVrlu2twqQJJZXUz3bkqCjFVEEzJIG+ClnjfeuYFxLlpFcgWzcAIlICgCRljghtviAir3su011jcd7gS1bCBrwYt3udxXgagJGrJOciqztTsoPbZluXx3AS4UoywxWHazKRqtkzMQM7gjicFdu3t+n/N1/w6oz0s9wTtfgyxYMwdSNXu2dkukHLe5JM4j4Z/p3rM9vdmcTZtl0uE2ywJZRoIgaf5ijZpySMHetd2fetvcKOLis2dBDMs5LaeScycAZHWoOHCEsyWGtuQyNbug2hqK6pcwVjMiZDT1NTRr1KbtbT3trf+Pr9zWrThNb6+35qY7hbLlbeq4O9cW21q4Aik4ca1QqWtc5MfQS/ta1N1hFsqkA+5UBDBg+7DsS7gyNzgSMVp3f3yLbCrqQQyHICsSJDFW07GBCtjDECqLtjs/3SqyRaOtwUjXbIiVLMJ92YWMkGc6YzXpQr5P+jlnRUVcqeHuWJYO1wsAwgBMAzPfJAJknJgkxgAUT7QXytzhdGhFPD2ASxB7oSYYPKlQDmQQecihLgLYMoxEBTgN4o2z/AJ+FDe09tme3AbucPbtTgyUt74JgGa1i7zS+phNPF2I+J7WuPDPpbSNIGldKrjGgCNJ8PGjD7VzaFs2yhEQ1po2OZV5jbkRVF7khc9F/t+tDqgxqMcogk866nCM/m1OVTnDSOgY3aTuwBdyBAEnIE7Doc0Te4hhKqpQnctljgTnp5VWWmQGCJz8WZjymr62BA5jw228a1jBeCMpPdlG1sARTLd4pOkkTzGOo5eBPrR3HWgASAI+cDaBG1VlxCeVDXhksJt8dcVtSuwaCsjEq3xKeoNCNcpQhp54XE0JE3GC78vGBSlupJqMiKTVTAlCNyBorhkYbk48f1oVOIYYnHQ5H1oy1x4wCB4/4BxQBYG7rMXFV/MAN8iKk4js5bQDKzWy2ykw3mRkEeYHzqDguMAIIgEbEDI+Xy+tQcbbc5+Lq0kz5/wCaaQMff45x8aK4/FEH1H+KgHaRDB7bPbcH4gxBAAgZnfegCzA5B/Kle4TyH96bk2rMlRSd0GW75MDBAz68jAjl0pFCHZSCIGAdxE7eRNBADxBqe0WXIPr6Uirh9zs6YAecwMdSTv60Nd7KuD7s+VTJ2kw+Jec4qws9pI2AYMRB8qCtGVHBcGzEiSsCf2DU3EdkXFyNLeIwc42251cq+OVFuOXl+dRJtFKCMXd4d13Uj5Y9ahDVtWt1XngkYmUHp+nnSUhOBnVdehmeXSnC8eTev+auH7HQg6SRnrNA3+yHGxB+lWTiyL7Sw5A/sUnCt3umKiucK67qf35V3DNn5UC8kdOrq6gDS+zl0lBb3OWWdgFdSwPnAI6GtB2dxCzpuoG6EY5SJ67/AJ7zjq6vL6uKdz1elk7RI/aDhrTKWFsAAEGIBK8xIHhI8vE1i7V5rF2UbKn5EROR5HYz866uqv8A57vBpkdfpNNHq3Ynbl69a94pCqbJUppAErp7xgEsTrO5+8dyCWsbnaF+PdB21ILStDkKxKEsCHVy6RAgwcnOJrq6vLq2VaUbaL/P+ztgrxT5JeP7Be37oG7qNxhDA3FZNaps2pjEv8I0gTiNjXX7l02mtl11rIVtC6dOBpZVADGZzuZzXV1ZVG7X93+z0L6d3ev5e43s/sdbnxAd0jSCzsEAwAhYyoHQY6dKd23eVGWxfGtjlXABJEae8W5jvdeRmRS11TQlKpVk5Pbb7Gtb4FFJcGR7U4YcOAjAXLZJLKSZkbm226b439c0W3HC3bsoqhkuJeIuOo99qVC/ffOsBWQAyDg11dXsUW5wjJ7u/wDBw1ljNpe39Anaom5cz96TyzgbbHb55J3rK8coLTmY+WMfnNdXVr0zOfqEBHyq67LfUhB3Bpa6u+JxIMucGLpUHGyjeM84mB4mKq+K4bRcZPw4PnE48MiurqqW1waHLwAKgg7idumD9aks8CoMyWPSIA84aW8sfPaurq0wVzK+gF2moWABvn61Xa6WurOW4xSMUvhFdXUgEDQcVPa4thzNdXUAGJdVwAy52mo7/AAbGK6up+AA7gK705Lhrq6kA/WP35TSHP78v1pa6mA5brLsx/t6GjbfbLAd4A+WPpS11J6gnYL4Lj9agsM+GOdE2zJ/fhXV1Q0aRZIFpjrXV1IsiihuM4YMJAAPWK6urSLJP//Z"
Italy,The place I want to travel to. ,41.902782,12.496366,https://en.wikipedia.org/wiki/Italy,"data:image/jpeg;base64,/9j/4AAQSkZJRgABAQAAAQABAAD/2wCEAAkGBxMTEhUTEhIWFhUXFxoYGBgXFyAaGBgdHRkYGBgbGhodIiggGBslHhkeITEhJSkrLi4uGB8zODMtNygtLi0BCgoKDg0OGxAQGzIlICYtLystLzcyMi0rLS0tNSsvLS8rLy8tLy0tLS0tLS0tLS0tLS8tLy0tLS0tLS0tLS8tLf/AABEIALcBEwMBIgACEQEDEQH/xAAbAAABBQEBAAAAAAAAAAAAAAAEAQIDBQYAB//EAEAQAAIBAgQDBQUHAgYCAQUAAAECEQMhAAQSMQVBURMiYXGBBjKRofAUI0JSscHRYuEVM0OSovEHUyQWNESywv/EABsBAAIDAQEBAAAAAAAAAAAAAAIDAAEEBQYH/8QANxEAAQQABAEKBQMEAwEAAAAAAQACAxEEEiExQQUTUWGRobHB0fAUIjJxgRXh8UJDUlMkM5Ij/9oADAMBAAIRAxEAPwCmqtqiw7oAt4CLxufHEBJHPFOldNWlWbUW2nnvt0j62wXkMxUeNSNaxgG8Cbark+GNsfKFGnj39lgfhL+ko7tCd2J88EpqMR71ojeeXjgNawBIhhFpdY38DfBGXzCGAD3lktAuZPj4Y1jERv1aUjmXtPzBI/5jAPPpP6b4aa53P/frievTKhShVtY3W5Hh4b/LCplAE1MG1GdrRBjvfQ3wwSNrVVzTrQ6Z50YaDG23Pz67YMTP95SZkTJG52gX8sB/ZyT3LkWI546hX0kygNiII28cHYOyFtjdarh2Z7RNR35/t5WxMy4pckzAakuYg9645AdDyInFhkeKJUFzpbx+oBxoimvQpcsJGoUzJhhTBZTDdGNIcsxahezx3ZYKCYXRiZ1MqF7PHdngvRhNGJnUyoXRhujBmjDSmJnVZULox2jBPZ47Ri86mVDaMdowRowmjF5lMqH04TTggphNGLzKqQ+nHacT6MdpxMylKHThNOJ9OGlcTMpShjCxiTThIxdqqSBcSKMIBh4wJKIBKBhYxww4YFHS4LjsOGOwNq6QHEuHcMoaqa1jq1e41PtHHeBlWBAWATYy3K3NtHgWUqS1HPyRBj7Mxa7BNgwNiRMCL+BjNvU4foVVr1Fq6l1EnUgBJknkNMiYA/WbfgRyiZgMmaqFRKtTKFWJ8ag2G1om2PBvBv5hp+V6cgk1YpF1/ZbRqY5g1HKK1MDLuurV7gnYnre0GcVGT4Ye2R2r0mUEE6RpmdQcEE8rbkTJ2jGj4rxjLGo3eJkyQWdTP4gGEHnPT4DFQ+WyBQNr0Kk93VrLFiBc7k7D05YvM0H5VZa0cR2rQtRWrUeohCuWAC69NQAogaSWlu9NwTZoxUVFbLLUc5dr9whiFWGqISQdMGBceE9bNpezdFiVp1wQoBMGT3rqCAbGD+nW1PxfK0KBCOWdovpFrMRN/d254YHuRG6tWWcdGVKyp2SsPd1g3BmZBsOVvDzxV18zSYkTfeRtcc48uuKk8VzNVhTWnCRBELB5kyZhiOfgMNzFQBtS02OwMXuAJ28dp8Maxi5GNACxyRNcSVoqFZqdMoQdJO6tBmwH64EekQfEYByXF1axaxPXxmfiPli4OWcjUACB3j12He8gPHHTwuKbKOg8QsckZH2SUeLVKYsZ8DcR9dMWNH2kUkBqZHUgg/xipdQdtjiCqNNxI9fq2Ogx3BZHDpWqy/GKTEiSCPzCJ5YscYXTqA5EW8SMTUM8wGliXUGyk2EH4/xg8yHKLW204aGUmARI3E3+GMt/j9VEKwDPdDGZEmNVv4w2vxAqw7OJsQT1M3I5bz64qyrDG66rWFcNK4zWS4xVLKjPcQLAHUdpJjaJONZTZNyCR4YvNWirm7FqCMcVxKy9NsJpwVocqi04TRicJhdGJmVZUKVwhXBJTDSmLDlWVD6cJpxOVwmjBZlMqg0YQrgjRhCmJmV5EMVwmnBBp4fTyjt7qk+QnF5wFMloULjowU2XYWKkR1GGaMTMCpkpQjEsCJm/SP3w5KDHYE+QnHGkRYgjzxRIVhqaDhMSacdirUyryHh/Aazd4U2Y8hyNtVzsLX36dca/JZCrpQVFY1FAMsoI1QBIJ8z8cBZXPMQATq8JBDRta1rT6Ym7YFpCzBB0ib9Rvv6emPCyymSgV6SItbqr3PVEagIRwQQHBsrAgzG07afCZ3vjKZkHUdDRFoBkdLSSR03xouHUaFRh29WpSAHeCa2uDK2KkR5cxh/E8ulSmEpsx1LUprVOw5KWgc+hg3wugmSNMmtrNJUMHQYMTIAM389rfLFhleL1FHfRKs7s8+v4idsD8A4boRtbrrJgTZe6eh53E9R54lzuQqFCx0LEmEHdE+Aj6GLoA6FLEbw22qHiufRRr+ziG30MbQDE8xHwPxxn6/Eap71OtpERBJY3ue81zz57QMXWVpqQSYaPAHe207HfrfBY4XEF6IdSCR3QRy5Qdtr4dDO0AhwtBUjkD7OZKpXpuytTaDcM+gmZmZsxkHeMXVChmVJApFkuCVdHK92IsTbwODOCOysoy+XVHg61BGkjqwX8UggMotPMWwTw3iWZqmt92r1ELIF7ytTkmCR+ISpHO6HDWy5XZ2I+ZDqDlXVcrUSQaLLEXkQPSbYacqd4kaZMGd9j4Xv0tiWoM9VUqe3AuGiTvflOoENtyHphBn6gbLoU0GhT7EDT3mC6RLAxA8IHu7Wxtix8hHSUg4OMnWwEMxCXEbiOv8cvniFxqkjn8sekZ32Kp1LJVCsVEQtuSiwOMLV4ZU7RqSjVDMpI7oGmZJJsu3MjkN7Y6MGMY9tnQ8VinwrmOyt1HClUqRvh7Am/OZwXnuHPRIFSJMiVIa4s4tzBsfLA2oc8bWvDhbVgc0tNFRq5UgixBnnjV8L48CSHQ6bAQbgn/wDb0v54yyxOCstWhw0XUg+BxT+lHG6tCt3luL0CJBUx1t+u+DDxSjEdwSPyiSP1x5/VUbgWnDqlCwZak3iN+XI/Lp44QaK1Bx4Baqvxmjq0w0xPugD9cT0cxTYAiookxBMGfI4yyVC1+cbfmH84IpsD3lW+oFhs1o3+GK50jdFzbXLSuvl8cMZTjJtTcN3GKSTzO1tPn9b4tcvma8qwMqYBBEkmQDuJFz1/WzRKKtK5gkqzZThNBwYR02xLTqHYAD0F/jg+cQiJA6RFwZwtMjeJ8/q+DajNzA8sNp1tOy4rOSEeQAptSupvpWedv2GG1M0NgNN5tNvLD69XVfSAeoGIjGKAHFWSeCkXNHrPWcRVnBGw+GFAm0Ye+XPIg+R/nF/KCqtxTctm2QQpt4jEz54m+q/lv8sDvQIEmPiMRhZxMrDqpncNFMXH9P8Atx2IwuEwVBDmK87TMmTBWOhUeoEg2xNl806qwDKs723AMgCBtytgqjwFZg1YM2ggztvGwv0t4Yq6uhEqNq1GmYgE9887zMD1m/SceIEbr0K7OV7dynZuiRqMAAswUxAY3tfyn44sG4VmQo1LKhQ3dIaREjugzPpOK/7QakFyI5QJ6/DrseeGI5Jtck8gxbpy388A7ihzDoVpS4VWeDpZkbVcOoI/LGrcGN8cMvVQClXRiKtlIYECLGIkLuIk9cVbM5CwGAO0hgfAbSD4eeOfUygrUuCAywR1MgztvyGBDeqvf2RiSth77ERm+zRxRotpIJBBkCNy2uII3k/xi0bOmlChgVIGpjUDADntYACw8sVvAaC1ajUqtRoei8QYIMoARuJgmBG4xc5X2fIpnsTUZSShYxrWGWdJAA5me9+E+E6AMwBTWOJ1pC0iwLaaZplg8vSUK5ChmWYElSdIjfcb41HC6GVqIulmauERzCgw/wCImBIIPrvgPL+x1IqFC1+0SRUbWQpJI3QghWEhoF7W6YbS9jmytZay5mzVdOkI6nvHSCX1iy6tW19JGDaGuGqsGRjqJ7Cr7h2To061WotOodcLqKsXYgfiggQGtEGw8sJQ4GjMVraqwgaTWq6SveYELEXJmfTE+Tr1VCmjqRGZpStQqFhA7h1a4prJ3YEGNhfElej96GWoq7AHVEC+wLcyJ5C3ORh7ABoVUjidWhPp1cw9cKz0x9zNtNQkqdUg7bHaOl8Tf/TBBqMHGpySSVEg94d20Dfbw88U4SozalZQvZlSxI7oIRZKmQB3QAZNh64vqVcmkmqqqs+lmYlIjWzBgOckmw8pwQcbICEtoAkj0WY4vl/tOXApVNbLXggwTJU9CdtXPljIZvI1Es6+o25j9segZXIliiUwxAILOHBLHTcQwaImJG4G8WxYhKdSlSmgpllEMEbRMTPKRcEiYm042Q4kxCuHesc+HbKSePcvIlTp88Ks9Ma6p7MkOwgkWv2Rtse7B3vznY9MVXF+AuuplBKi5sZWeokwL7/pjc3GxPdlvxWJ+BkY3Mq+hWAsf+sTJ1XrP64lpcORk7rksqam7kgdTq3IFuXLFej6RqJEA3ixI6xy+fPDKDiaSiC2rR32gEQohbne87sZ9I+pxAlC8liIgz57TiFXDyaZvvBHxjxwSrgKILTBmY62ve3hgqpWHZt1amGUGQNpHL0nbAbZlgPI85nAKZxgsDqbQP46WjwxImfWIZDHPvE8uQwAiITTODxpXOS4kZB18gCpPd/t+uJzx5gZNE6J3Uyf0Hwxm6lIhQ8QpuJsTc/x+nXDcvn2QEdZ/bl9b4YxjhtqgdKD9Wi31KsGGpSCDzGHL5YxXD+KMryqxK38Y6jz9b4vx7Q0wYqKUvE2Ikb7chI+OGUdlMwq1bNGOXCKwIBBkG4I2OOjEVpSBhjYcfPDGXxxAoV0Y6Byw2MKMEhThHT5/wBsdjgTjsUovOhXXsyytUFWJuBpDSRNoIi+BF0pTXVU1MwBZTsOsybRjQ1crWEhUpBivZk6o1LqZjIgwZY9TYXxNwThdNf/ALlEqJ2ZXQx1KWsASREzf4c5x4rnWHfyXojgpD/SVm2pghXkKJCE8lkxJvPM4v6Xspm/xNR6AhyTz2lbdcF+yVGnqcBwqMKiqqMdhPcVhDLHeuIjs5xvxlqfaxpBdahYCYmaJUSvMED3b825YkjTtfcEoQBn1A+C87f2VzM3qU3295jbwG+384dk/ZpmN6dQsGhiqSsrpIgxBUhoJnnyxv6WVp6F7oH3eX/HOzki/O9tX+ptyxyRQk6dABcy1wBUqVGb7w7BiE7uw0ovSFhla2mNyNP09p/hYPK+z1TK1TmQzghVC6lUqQDIkRYE2kHmdjiX2WMZelUrsKdYV6kDs9TL2n+oe+NIkklrzi29mM09Yl3WKlKiVgHSkkuneJE90LbxPjjQ5XOvNLuJekW71W29ONdvfEx/uxsYx5bv77lHyMaay9h9bQVbijKlcBFqrALVFkoe6iEX/HG+wUAb4iyWbhCJUHTS0iwua1Q1bDno0iNoAi5OJKtJanZM4N8uWaDLSrCJjmATNtyMRcMztNVplleFAJcAFJgqwk3szEEbiBimtcHEVso4sc0EXZ4e9+xHcXzGhKxIkLVZFWAZ+5UwNbKDPfFzu/hivz9ZkpoF74ciihDaF099ywEtqJNosY32wJm+MuwAWqfIgwLxYlm8T8ORnFXls1UbMKDXdRUYANJ0rqIGxsvWLxtO2LEmv7j1R/DuDb17D4kV3rZZhiFIFaFRTTIDCCLwSTOkjbl8hgKtXrM66KiBAoQ93WC2tQt0NveG/IHYTMDez+shGzzdkGPc0Ko98q3eBi5JMkG18VeYyP2IqlFXhjJR6Qq6rAhlCqNi3ITIN43Yc3QkCjp+ysq1B6ygO9JkEHvUnBDVGCrpO4F/GB0jBufz6U1pU6QNWqzaqat78KzfiqEiRptJEwfSl+0P2RqhaSFGVoFPTJVvddS0kCxEixAPjgT7a9NqdZ9NRkbumABaxsItuessTzwD5q+3voViLj6nxWvo1lWivarpBgH7xRMAAeIsNv5xFmKSuhqU1bSy6W0FGIDMVYySLC5gSe6YB2xJlXoiitRgrGoAxVgGAIHJfzQoABI2xUcY49SytJ1pUGDCR3gvdgsQYmf9WY/q8ThmcEIQDeiI4BwTQgZqcEa1JOkm3d3UjVZmv4eWMn7RcMFJ1ZU0U3WykkwVA1XJvMg+pxsuJe1dHLZYFEDEooVAIGoyGExbxxi6vtO2cyy13VR2VR6bKAYfUFMzyZdPrIONWElqUNvfT88O9ZcW0Fhsba7bdKojQU4MyyQmnVeSR1A8LXMDriIZunqnsxtYazvfe1xN4874I9mM7SzNapRdFpRqhgSdmAJ2hQPG18djEuMLQX7Ll4ZolcQw6/lRNR8PCR8fXY4QZRmDFRZI1HlJMD4/zgyjxpaQKnLqJHMkEGLHbxJ9cPpe0gWmaa0VAO51bmZJ25/phgin4N7x6oOcg2c7uPokqV9dIITGlYAO0AmByvimaluDbli2o8cprE0FJmZ18532wlbjNJn1nLpMz756k9Nr7YYyKVp+nvHqhkmhfXz9x9ELkFJYk8xbuyLX9PrzxJnw2piQO6xkX25z1jHZfiqL/pqbkzJ2mYHTkPTE2Y48jrpNFed9V5PPx/vgjDLmvL3hW2eHJRd3FH8M4g4RdTQDZJG8GI2j4Ysm4iw3UemM4eNpoFPsRpUyvfuptcER9HEdXjjE2sOkz85vg2QvP1NQPxEY+l19vmtN/iZ/J88NHEnJhaYk9T/1jL/4u3X9f5wn+MP1+Z/nDfh+pK+KHWtU+ecTKC295xOc5ABK79CCMY88Ze21vP8AnC/40/h8/wCcV8MUXxTetbBc6mOxkRxp+i/P+cdifDFT4oLZigaTtNLdUAQqXA95pBMmTqvfkOmB8pSZgtEUyx0ka2UD3bEsxUnVONTQWoWZUFchYLEFQGldg+qTB/KLRhtHhz0dblSFJ1MWqAkb7Kq3uZJJm5ucfPJI3iyCvaidhFUL/KpuDez5o6LXGpZ1Se9pLHYGCVEiY+AwXUqVy3aGgx0tM6dPuh1NzBJIMb9QNzjqvG07XsZC394gxqhTG0RB64qfav2xVKZp5dXqmIZxzkQSsbHflvyiDhQeasnX30pb5A3Sgr/hNH7TTFZIIqCRrMOACSgI0/ha4B89yTiQcP0shDUiADZiWBRWAqmNPeIBO9tTY8kGfUkMJQibKTqBBgi1/Q9TtGDMj7S5jLn7stJgBWujapmA1hIE8tvDBRyG/mYVlMp2C9CyfDWpPnGfswjNZnskNUapHmJA8CRgOjUpfcAvll/+Oyks8wYpWqX79Wx7/KH64Pqe2dA0KZriNanVEaVZGAIJkkSSCoIusnlgSn7VUbgLaDDMKenlpMyCdwNuR88dJjyBsqcLOu6p6uY7SnlsrSYhnRkep2khV0vV0a5MnUACTuNV+mrXhSUhoqd+ai95kWDrZy0WEiIBta2PF+L8QzK5kVaasSHZwUgQ2zHpcCLHYkY3nHfbB2o6OxZ67U0ZnWoEpBtFwvdmZYgr4b2uwb2UuyFq6ugB/ugYDgAUqcz2pVSLQYW4ndRJvh3E82tMg0qAJhSAtNNIJ1gyd7EqTB/CI3OMjWzeSFTOVUrVS9VHkVKuhGmCUQqCQREAmwsBM4sX41lS+U+/pQjl9Sufu+6zaTfvrLFYjeOmCNXooM3FWWVzFWSEQkA9qpIqkFnKvckwVBMQDAAgQLYrvaZ1yz0yqnXUosD3mBU/dCwJN9Kje5jlJwZwv2rywDrrk9jTUABiSwVgQRMDkdhZueKP2mqPnaiGmlRQoKoIUdwhRJmYm/kGHomYW0tBTG5rsKtR6hUqASzgjumbEQwN45z6HDaVRVoMlcxVFQgKo1QYBi1wZvfr4zgzKcMDOe0cMaRCMEF1lQwGqJNmFxGH8DzBioroEq06rIdGzKQGRupMdb9bzjJFhmsBBJPd6p5cSd1M2cLUjQRKkqhRqiwEbUpErqINtwTBkc8AniS9koahWqokANUAB5bFtJUmBtvGLZ6rA6mHvAaZ5gTz9cU+ZqfaKT0zRKz3lLC4IJIX+o8hzv6DQKA0CohBJnGzFIUqeU1U1MSzhVBJ1b6j8vSMWdDIRT0LTJSNTIoBYsB1aCTcQZG207l8Oyr0qVJRoGn/ADJEHTpYMFAk6iwBF7amwZ9nVwxpsXE3B3EyDI5xv6Ytx4gUhAvdUuf4LRWUQMW0zLAaV8CRB1QdtjbyNNwDhHYuX0ks8L3b92ZMlmsLCdzbxONbkodVOmAVBMG3iAfDT9b4rM5kDTaFXkSCTbTysI1WIEmNucYt0krzbnE/dQRRt+kUlTg4eoDUchNelvcsFSJkpLEmOfrjMZ6madRkbcHpyMEfI40GXqM4gN3o7xJ92YPnHLr6Ym4jl5D5eqQKwTtFW4LMFMMBOxAIjqdhbHR5Ox74nBr9jp9lz8fgmzMzN3Gv36lkhW+tOF7Xw/44jIYEgyCLGZt15YaWbqfr0x6nMvMZVN2h6f8AHDDVPQ/7cNJcfiPxwmup+Y/EYvMrypTVP5T/ALcIanh/xwher1b5Yaa1Xx+GJmV5fslNX+n/AI4c7aTDLB8utxhKfEHWxpBvE6pF+moA/DBWY427kGpSBsBIUKx2FyDeAI26YU6dwP0mk5sII3F++pCCqvT5Y7tV6YkzOaVj3JpjpU73Lqq7z4YE+1P4Ya2WwgMRH8ogVV6Y7EH2pvDHYvnFXNn2V7MntZkqR/ziYQP3AdBAlTC7Le8ADbCN7VZbMa6dJ6usqGBqd1I3trIB5jmRBMG0+U54qNKusQh0gRuZgt12I2tq8MEVqICp97TPuFjrUe8rGDeQQQJnqMfO2vcdO1euDuN7I3itRK1YCjWU+6G1AKAxElrXO3O42vim/wARNwwLRHunURtBXSe9v+uEys1K+unVKXIKzYHbuxtflMXPXFhwhstRqtrIVg2rvHSrHUJDSxKjmOW3LdbYonfVwr7oS8SG+KTJZOrmQvZ0zKsCGqQqkSCZYGJ0+M+GNFw/hlWmWDO1ZSIZaZLIouaZ07vsROnSJmb4D4ZxVbUqDuo0uVIcaQAJ7pIgmAAAbEjxwVkfaZ3/ANbmpOqDYjawjVI223w+PK0Bo8UxoFWCEdQyyVAKa0yisb6QwY3JILC8ArO/IC+KvL+yWZV2bUjoSe4Qzd0zEMwmY8euJl4ujM3b1aQBYaSVBAGsrYR3mBAE+ODMuuUDAlqTzPvUkJv3gZAkrMEjyw4fKNdPfSrALnUCs7mvZeKhc0qmnURBKhN4iNQY3MWG/rigy/DGXNoHTutUqgKRPcXVpleUAqZ8fHHp2b7Ps9wsIIhyqki7LpW2x9LW6j11MBKZpsvd0yQSv5Z8bm/PBunAGpVjD7rzqjlqtLPDWCoYsYtBUqxpwBaJAuOh8cTcH4XmhmixWowbVqG4YEd2Lw14jT1xrs9lK7t3ngRsCR8It8MA1MlXjsy50sIsSG3mx3wWcngFmLmtNaq04Rwx6al2pmNUAiDsWgWkgnl1kb4uMtnAVlY6cp3j4eOKDL8OqsjKXYSVaQ5BOkqRz/pGGcUyZEdrUkmBvpO4I23uLeOM7muJWlsraoKwaotHMvNNxTZpqHSQ0gNTMX7yiAdWxB6XJ2fVFqu4q0wlQoxJtBClYPiYBjxxlipL6idtt9unj64aKI1E9frpixFIShOJjC1D+0KBAqqQCfxNqEQ0+Vp3tt1vUVuMIyjUyk7atO4EgSPxCCTe/wCuEhNMQTgKvRpxthowrylnGNG1JtDiAFUNAZbgjSFHLSZkmbeXhiduN5gZkVAwCRBCyLQQBz31EyACIHolDsQt9M+WI3r0b91T6Y0R4N5NUVmfjWgXYQ/+N5kDMaFpjVUVqRfU2mBpaQFvIAG457ziprcVzTVHZmWWLQUBgAqBp0lbiQTc7k+OLaoaMTCx6/z44ryKM3H643N5PFLG7lJ11oqzhyV0zDVkABIgkyoiIsF32nTBHpi9zWfqvU1XJncqLCIAE7m55D1xG70iukA6fXA3ZUuQb54azk5jtXWlP5Te3RqJzCtUfUadzvBjZYUxFzYTcc8RNkm/Kfj/AHxD2VP8zD44kRKfJ2PUc7CTAty8fXHSjYI20NguZJI6R18T1Lvsx/Kfh/fDDQP5T9eE4azobh46C0/v+pwoc8qh+I/jDQQUGoSGgfyn69cJ2XUHz+jh4Zv/AGH5YZLT75+RwSlnpTNB6G2F0N4/Xrhe0b85+GGkmfe/4/3wSJI6tYnV9frhsHocOZ2/N8sItX+ofXriaBXrukk/RH847Ey1PH9f5x2IpfUrTMezritD1VCoI1Fie05khSAZ7xvta3XEue9ln1ozdkTohgSFDAmxA5RpHMHf0J41l3qVaMFwNK6wCoiTEux5QYsLHpiXi3s+uZrVNdZJp01JPZyAO+PfmTcydhcDnj5ngcS6Z9uIDSOw8Bta9e9gaPlFlU59nKiBQq0y4ezE0yB3iZZS8ETEbkSTNoxZ5nhhdZqUqzsQNWkZVaZ66VV1O8EaifjslD2GgioKiMbkMabQR3pNjcQRt588MpeyYUNTFakNWmVCaZAIItvy8vhjrh8P+Q7D6JJjk/x70RX4fT7A1DTzFNEcg9olOAQo7yjRULAgwGFjETtI6ZcU20drXC37hymom1mhKIJUE7gRYX5YPyOWdWRRXVillktpBuB+OAIJFhsYwQnDAlUF6gpuSQSrDuiz98GprKQABAPW1zimuYeHco5rgf3ShdFOOxV0PZ30VabRUNmIZ0JAi5sQbCSIxVrmqdQxTp0afeXSsubc2cCQpW99T7nqcH5ipTqA0/tSVmKwqh71GHuIFAMsSbW9cDexocZZRZmEy0TctttuPLEdOWECt/QoRHmOhr+VYUQjUTKWFwakwYRjtBP4Y6eWKzgVKkgYZl5qEs+oalCkGVCIQyi8/lPwxY5jJVKisD3ZKgGGkA06qMfg/T9sBHKVzT7N6hdAVKqyd1WWJZe77xMkzMyeRwtrwtFuFgJ1GnVqpUOrsjDMpC6nAXmANWoGNjE6oHLBbsiwpqar3ZlVWIncrET8P4z+bzmTyzClmalVCFOkUUWVmfe1OtpO1/TF3wjgVHMUaVWm1c0zzKUxI1EDSvaEjpJEXBw/KHDcAfbzSTI9uzSfyFW5rjBDBkemViChUs3K2uQA1/6hY3xCOOpPfos5iC3aQGjnEfLF7X9lqlPU99AO7QpIm5sSB8eeHpk8uAAaRdoky4C3A2AYH69MERAwUSUpr8VJs1oVAONUD/8AjuLb65Hwx3B+IVGt9vNDQ+pA2XVgJ1SFgMQRbvG9sH8RzfD1Zga3Yuv4Id1vtJXUFBHK/liHL5nh7OqDNU7rJJoVpmNlGjvL4yOdsNZzBF5j+Up5xINZR+P5UtfNolMdrnUzADd0CiaekE30haYEnnJjwm+ARxfLH/Qqelx6SAfjgurw8nanSI5Ear9LEAj1APhiNuDvBJSnAJF9V4iTbbcWMYb/AMfbnCPykl+K35oH7hR0eK5bUB2LgGZZlBA58gTPKwwZ2uUgxoJv74YcrH/Lm3gRgN+DOq63FNEDBWchtCkx7xAMb+fhhub4URek6VVOzKukGbrGoDcR8ee+CyQ7iU9qoS4iqMA7FKc3kiO9TuPyI2k3jul5O3InkcBfacqG7tGqPT4ze4PQ4k/wuvEhfSDN/SMMXI1ztTb4R/fDAyE/3j2pZlnH9gf+VIuZyu4pMJn8AIv4bfLr1xKeLZffsSd9qIAvvy/65YjpcLrk3XTPNjb5TgdclWM9xgR1EC08z9XxOah/3HtVifEf6B2KSrxbLkhQjLaJ7JVHW7SCfXC8PzgWorLXdUEHRCQxgtBGq4MaCPGxOBfstRhtJ9D5c568uWCKvAs0o1di0XM6Z28BceuKOGjJ0l8/NWMbK3eHxHkrLP8AFcq7uamWplSSupX740hoLGwUQoAIkGYiwOK45fJuwImmoJVlnUbT/UZBsQVJkGIkEkTO5SvSMVEKnxWxtO+xscCF6nh8MNjwkgHyymvfXSXJjmE/NEL69/C1NWydMaYbVqUMLQRYSDB7pE7eGBmRRvPz/jCGpU6j4YbqfHSjLgKcb/C57yHGxoOi/VKai+MeuGmqPqcN7Ruhn664UsxvosNz0nx+vlh2dQNTHr+P64XtvoY4nwPywoJ6fXwxdlXonK/1OOxGG8B8v4x2KtSlucv96TmUqU1I75XYlbqqsdhvtyIPjiiyXHsx2mZcppYwC0ATvB3LREm0C+Ie2CZYopFNVgnTBIYHdQRJO/eidsDeyRQmrUUByYUFzJv3pJECR08BtYD5zDE2IUW1qOzrK9RI8uHyqf7VUYkqWBPNJBWRAg/hPdPTnghso9YjtWkgBgWeW6ghluLjrhmc4iVJVWO51/h1G6tqsSQbeI68iM2Yd0ZtWsK0yzDUskAQBBgHYxacdfI06htdZWEzFv1yE9QT89w1C0LWJfUTJOxuRqZphouVJtPjex9ns9WpMPvC1mMEAbKSNhG4xRdoSSxJk7kc/PFlltNJ1Ll50owhTfUO9IuTINo36XjDnMEbCXC/ssJnMjxkJGvHX32q6457cZulSqFKZJi0Ed2VmduX64ovZ+qTQqIjFY7QlQAoRiEIUSJAADEbjvG+2B+KZlhRDUzLyqiQHU6mIkg+Mmbi2CsiCoqkrDFXvBW4ovqBBJBAIJERExjntla98ZArp4+x1roDnBG6zfQUuTy9Q0a3/wAmoD92Z1XEMwNx11fLCVqFYnUM28MAY1NE7GIYR3gcQZGuxpV5P+mp+FakP/6OIUqaqZkAlWn0axPkCB/ux2fh2EnRc44qYAUeHmfJXvBcxmqDsVzS3F+0Rqg+DPbF03HKneLvlyxWCRRdZHS1X6v1xhO0/pHpiZAeh+f84L4SNKPKGIG5W3HGqpUqHonUunSFckwLC5O3njN5jiubLswzMTuBIHhb6+eJ/ZnV9qokhv8AMTn1YD98V5VjJhgPOcQYWImiFDyhiA0ODq1PklStV3ZqTczqSST1necKlWsG1KaSncEU0kGZsStvn++FWiebH5fxhTl+jn4f9YZ8FD0d6X+qYn/LuTv8bz6mQ6P4MEA+SY0PDPaKoR97SW8+5mHX807be8fl0EZlaT/nEeWJAjfn+WCGDiAoCkLuU57txB7Vsczn6dWlpq0yVME/fEmRcEagdmgjpA6YoeJ8Uq0nKZVE7MBbPDyQANyvQAegwEgO3aT4f2wri+K+Ajdui/WJgNKXD2hzkj7uhvf7sfthr+0mcn/Jy9jaUP7Ecsd8cIPM4McmwKv1nE9XYnL7TZy80cvtYBWAm39XniMe1ebMg5bL+iuD8RUtiQDzwzu88T9LgRjlrEdSgqcdqlSpyyEECfvKm4adyxgEWIvPWLYVuNZjuQqjSynVLBrMCWYT3niR2gIJtPTDiF64foXpPpifpcPWi/Wp+gIgccd1ZalNLme6JBv7xke9pAFuYnmRgJ6i8k9JMemHmmvSPTCVF8f7fLD4MKyC8pPasuIxsmIrOB2ee6gYg/gPx/jEDKPy/M/vgoIZ94fXkRjiet/rxxqBSAaQYOkg6AYMw1wfMC5GDsp7TFNSVKB7MuCVo9m6PHVGVqgXZheZX0xC8HkPgIxA1MfRwqfDiatapb8Li+avTdS5ughkoygzMMVUxvaGvc4COXYX026wY+MRggKRzP644GP7GP0jDo43NFE2gkla51gUhYbwx2Cg/wDU3x/vjsMpDmUfE65FNqbqvdsD3ZIUgkNPvm02/LgfgmdqaRqOtQpYkEEuCxDFB+ACG3A928bYTiuSdzUJIYKzU5EBVqaS0GbPIgR+84XhaChRFSoC9TsiVVm0zqIZoWe9IA36DHgMSGnbq6+zqXoYi4s+fdb3h/sYasNUDL2hi9iQwEMQTFjeBO23Q7O+zOWyxAFZnqG5RdMkm2x2F/8AvFPwD2xzBQIAHUnUaxaTHuaaRJPdRQJ5klrc8aLs6aMKkTIF7EWmTz3nn5eGM2Jx7WsEbjfvq/bVHHhoyflaq9PZyiqs9dVKPdNJIqCVDRZtAMt+U7RbFdV4ZSVgxBBQiJa4CkaZMAefgLHB2Z4i8NUcl3PehTI2gLF9MD8REWOG1pcOi90smkSJIYgyxveCbeR8MYJOUJs1Bxy+mnh+EwYWEbNFrIce4jSRHoglXAKkmkVCQrMGBiAoEwBJJjaScTcI4lTZ3RNVTVSZj3ogEECQTdiDve0XxSe1GQcaqNd5qICVrHSvaIA5uigkACRufeJO4GCuE1zTroaiuNlWoqEpvCB2Ld7p7szBi4xvDW5Q5p1337/z/KhGlUrXJ5aBXF4NIiSI2em3WxtiDI0QSV1CHBW56+7/AMoPpgylTlqpUghlrbWjuFuYHx2titRT+YDpyx6yFwc2wb615ma2EXophlz+df1/6xItCP8AVUYbmwNRbUe+NfLn723Q6h6YbToKec+ow8GwszhRpWvA5GYy/wB6D9/SsBvLicVdUEMR2g3J387WG9o9Riw4LlwMxlzqP+cnn74H154Dr5Ze0N76r+R5wu14GALg2ydBXqmAW0AdPog2qNzb4Cf2xoeC8JLsrFqrAQSFojSRYmHJhvG3I4qKuVCm67ePz641Hss1OrT1uDTdYJ0Zmow7vulkB1TMT8zhWJlc1oLToeK2YCGORxDxqETW9mAFLL2jC+le5T67sWPTpjK5pmRirLHQEg28xv549EbhlSo9qlU0oklqoKCIsEioT6xuMDt7BZRUI11Q22oiR594CfjhUGKIPzmwtGL5Pa8XG2ivOzn45L8T+uFbP9PkcGcWy+WpuUpVO0jnChfQqzTGBEqBTO3lf66Y6LXZhYXEfEGmiFzZqeRw37T/AEnDkqE8vr44Rj0+Zw0EoMo6EoqH/vDi7RYH9v2xEjePphpmNvjb/v8Atgw5XlUzNU/LhDUYW0A+o/nEGojYCPnjvtsb2tzBPzxeZXkPAKU1TF6R87fphrO35Gn0w1c0Oo9McK49OnT9sS1eXqTlap/6/OYt53wnZk2KgfXhhBUtYj9f3wnb7bk/X1viwiA6k77P9af3w16K7ThgrciMFcPydauYo0ajn+kEgeZ2X1OCzACymNa4mgoBSXp+xxwCj/vF3mPZTOIDro6SIsWUW8GnSfIGcDZnh7U6DvUplSCqyQQwOpgwvzFtsC3Exn6TetLQcLK36hWlqvWOuOxAG+r47D7SMqGzFNqdR2qZduyLCqWkqzOgYoSFMad4tNxtOKjJO+ujWdSFsyCIJJnWygC4sT1OsEkxOL3M1WTUwZiO8Qm194YciQeo5+WKvjHElHZ9os1VuJsVIIICkGwBBFunO2PnzXOc0NrqXrCABS22UohHpsoFgTOwHgQCBzPPkN4MXKcTSrLCZIY3Wx0kgEdZJn++MTwnjqqhapX7YWUKRqqKTEbe8ethsbYouH8erFq+hWeob8u6FdRBU2EAD3QSZxzHYF0l3wQtcW7L0ek8uDpACiI5yykwwFrKdjf13r89xSuAUo03Pd94qFtsCSBtY/7T54H/AMUCEU6pDFjoNtKlj3gCYgsLCxPWYwxaqkGKgYqSSquIe/3YZwBcwfd68xfGdsFHM4Wmc4aVTn6eYruFq6VR17PtHEvEbAm0WHP9zghOFvlyCcxUCgzC6WVTMRJhgL8sEVc1UVG1LFMlm1KA0SfyyYAHK+5wL9ryjPTpGmWZnYF3ldIMlyIIlQFEDkPUY3BzqoDTqAPjshzFaBOGuVVygQtRqkAkAMrI4UiDAJLGwkbXxmjbcmekz8cXXB1pDNU6CGuyAvSLVQqwHYjWkxKhlIETvA6C+qf+PNJI1uTMCw0kmAB3SW5ztAF5gY7/ACfiS1pa83W3E9vv7lczFYMvIMYWaTLassKwNkq9mfDUutfSQ1/HENPTG9/PpfFzxH2NzOVVmqh3UghjSUuoFiCdoA3k9MZiKmq06Rta8ePn546rH2LXLngLavQq74TAzNHe1Sn8mGA+OozVFp6dQ1EtDgOq6zpYKTcTJk289sC5TMslRXaFIIKlhA1brMkcxiGqK9SqjK066Zd9IOqSZEuBpbSSNM2gnrjm8oYiv/m3iPVbuT8P/W7gVe8Gp5d6wp1qrUwy9yVFyBZSzEARGx3g88aeh7G5esp7PMlxurIBpt7pDKp33BG3jvjzupSq+67B9Gx3JmYMKIExGw2jlgetRqGqlTtHR0ACkPGkAkjy3xqa2WSMZXCqGmhHh5KmOgjeQ9uuuuoPYtzX9nM9Sqs9I1i7wofWzARYDTUCyYHMRviXOZvOImqpTLAalISHqAjeFDMVMrvA+MYqcn7eV/tAFapUGX0qD2aKW1C0qQsqPDS3pONzlvafK0kB7WpSRnCg9mq3bvFnYoILGxnwNpkJMj2fKWrWII5KcHlUeUy3DjVWkV1ViR9zUrFHkrqEqIJEEbAeuLPPezCNTPZZWnTefflzp2nuSATvv4eeI+MZLJ5ytD5jtHWGUpdwbMCpL6JsLgfCMJSqZjLKy5Z61SXa+YUMBqcMwXQdQv7s/wDs8higZKBaT2+wo4QWWuqvsD5Wsrm/Y/OINQpF1E95WDE3I92ZO2wnfFHUYTpYmRIPh6Rj02rns1l07fO1ygkIunLrTY90kwx1adUQdWmNI647OcKo54LVd65QGyqp0kEyGFiQNMCRIxpZjS3SQLO/k0O1iJ/K8w1dXPryw7tB9WxpU9mMvmK9TL5aq6vTRXmVqhlJAnZAIJN5MadpjGf45wWtlCBVZL2hXUnnuASQPGIuMaYsZHIaaVmm5OliFuHh5KEVBH77fpvjjVG//cYrTW+voY7tDy540c4s/Mo2rB+oxEyDkSPn88CFjzxZZXguYqELTpljJ2B5CTJIiIvPTAmQDdMbC47KHvTIYfDC9o/QHB9aiMqUNSmlYEsrBmhZTRrCkbxqKzcSLbYuc37QU+wqBclSCvqUVWAAVT7pChbvEGdUSBa2AbiQ6sgJBTfhiLzkCu1ZZqhO48f2xacF9pMsWSkMzmsuylQzB+4BB1MgWCLx3eerwxY+xiZLUTWpVK7eDU2UdAKa1O0aRuWAjaJvi2zntFRyxL5WnpEnSatNaVId0DSEjtK1xsALmdUbKnlMpyM4b9C2YbD82M7uKsaTcOpkVGbM5uoE0z2ejUDBMs4QEmBJ1YzHtNxlsyy0qSCjSWStJe8eZZ3KiTa5F9ueBRks7xBzVSm2o+8FC00EbQp08vPzwfR/8aZl6bGpXoo3JCxnnZmA0qfCT4xhcbWxHMXC/BG98koygGvFB0valEGmnm6OgWWOzURysyavU3O/PHYwz8IpybH54TFmKQ8B2IhiYwKt3afVXqFmJYAmV1GYsCBLEzf3gbCxvgbiOTqZikHYMwkhGJQDlM7sR3p2HWJthcdjyuctNjpW1yz+d4c1FoeQxQMsEGNhE8oMi3QXwErmmQyNJ31bgk72YbiSJ8cdjsb4DnYHO4qBanPZ2rQLJWId6rq/ZNDqPdbUCREmwHSScH8RzqMmXq3Ds7Jp0gg986Wa8EqNVtjqjbHY7GIRtc1juJ9D6KUjcpnqlelNMazsFOlQ4UAPqsLEG46CBgXg/CkJ1sE1F7iWIEi2nVvdYuARaDbHY7GZx5sva3Sv39FQGq1lUDtqdanTCNTFkSwMmT35D3gm5MTzgDG04Vx3PV11UUy5IEsrM8bfgJuQTIExsLDHY7DMJiXmVgPG+4dSMi2q0fg3aKKmZ7UODJCV3hT4AaRHgMFUXpKoUJqA/NBPzx2Ox2SSl0AV59/5RzqfZKrUstQNKyVKmmKlNiywwGkdoCLFbR1PLC5SpQqU0Bq1dJ7oNMlApSASQbtuL3NsdjsZcUzNRtWwBT0KCrEAS3vb3I5k8zM/HBMAeHljsdj0OEdmhaepeXxTKmcL4+ahqKJ33mJ8I/kYKrm0EbMCNjyt647HY53J+LkmmLXn+m/D1XR5RwkcEILNPmI8fRAZrIq1QuyrqMSY6CPHF3luO5umKpp1SGquHZjDNIRE3N9kHPlbHY7HXdDG7cLlMxMrdnFVnEGqVSKlau9RxsKgDgTyGomB4YpafFs4tQmm4pgRAVm0mLKWQkiYF9OmcdjsLlw8ZoUteGxcos2lyxztdgr52qeYWSFkXFpAm2IUy7KACZACqOVlAUbb2AHpjsdhUTGh5AHAefonSzPc0WeJ8vVOGTk90ek/vhFybdB8cLjsbQwLIZHA0rXgNFUrKalMtcAd5QBNpIKtqjpjccRzNShlqldu2pM6shSo6PsG0iF1KAfCd/PHY7HJ5SYLvoC7vJczhEa476BYvh3FzQNNxTpOWGtHen2jKQbadTgKfdPukzscWHHvaXNZtdFRvuxpYqAFEgtFgdrgwxbYQRF+x2C5Oha5rXnr8SlYzEObG5grfo17VScOymTNcfa1dhvoQCWjkSbBYAEb3sRj0XgBporMM7X7AhgtAoBp73K7LACkQI96xthMdisb/wBv2T8D/wBIKy3tznBm3A0dnTXUAE7uod2CwHO3U7nacU3BuC1KQTt6706JBJK95n5hQswCRzMRzwuOw8Hm+ZDR9RIJ47E+XFJBMnPlx+loIHDgPPgthT/8cV3Aem6FGAZZMGDcSPLHY7HYA46YGrVjAwkXXev/2Q=="
